"STATENAME","YEAR","White","Black","Latine","Asian"
"Alabama",2013,0.663429133905508,0.264780432139043,0.0391600923677448,0.0118593911689584
"Alaska",2013,0.62475990706431,0.0344836029447773,0.0664424892400276,0.0611862903532971
"Arizona",2013,0.566165667465062,0.0401148458098724,0.302458536956375,0.0300934533180093
"Arkansas",2013,0.735707867849034,0.156757867291484,0.0687510496311212,0.0124796705248037
"California",2013,0.388460101541456,0.056557276783335,0.383912161686418,0.137257317357238
"Colorado",2013,0.691066890366598,0.03803057000395,0.210451549787629,0.0293098411708979
"Connecticut",2013,0.693628061667149,0.0969352739649841,0.146611032012636,0.0405580521011768
"Delaware",2013,0.639734960556263,0.210037493964347,0.0875680124958277,0.0369084924747421
"District of Columbia",2013,0.355780579751844,0.480017758554813,0.101974014964831,0.0337195973696301
"Florida",2013,0.561882456070365,0.154814896644276,0.23630604423087,0.0258590814847547
"Georgia",2013,0.545992075592812,0.306382189168776,0.0907498843844383,0.0356456212150978
"Hawaii",2013,0.229504705659469,0.0196773058586066,0.0985482039864564,0.449733414811681
"Idaho",2013,0.831770396542227,0.00500640144503938,0.117957790161624,0.0164768977307125
"Illinois",2013,0.626759151336327,0.140831546944664,0.164442074236918,0.0486947233513699
"Indiana",2013,0.805540243942156,0.0892303674594447,0.0638370500731863,0.0187147822323328
"Iowa",2013,0.874710394975951,0.0326140558423203,0.0538746239988403,0.0207544874217581
"Kansas",2013,0.77090260843544,0.0580250501303233,0.111221763142991,0.0245235157260457
"Kentucky",2013,0.856309986019141,0.0792815954332986,0.032098869359167,0.0121454873904937
"Louisiana",2013,0.595226214849518,0.321227032063769,0.0472786549258778,0.015883575074533
"Maine",2013,0.938884380208718,0.0104020019543748,0.0128848710609485,0.0102988627586197
"Maryland",2013,0.531283997102962,0.290740610179371,0.0896250076322178,0.0590133203706509
"Massachusetts",2013,0.746253300549962,0.064101043147108,0.105116614451538,0.0571464302662075
"Michigan",2013,0.759395114324294,0.137938069986909,0.0471022438003392,0.0269334257108851
"Minnesota",2013,0.818763998096074,0.053556761703054,0.0487002756264321,0.044519387939591
"Mississippi",2013,0.573053620160691,0.376968227207278,0.0265782341375906,0.00946808428838258
"Missouri",2013,0.803722793415342,0.114333131872014,0.0375527098753493,0.0171696002644531
"Montana",2013,0.870946102357745,0.00235134190008521,0.0321080809523575,0.0074953332709461
"Nebraska",2013,0.809639307343368,0.0468880116627313,0.098192362281083,0.017845177670408
"Nevada",2013,0.520974604822131,0.0809258043335522,0.275143218825176,0.082650451447528
"New Hampshire",2013,0.915019656823521,0.00836671177573314,0.031043651522261,0.0240664803367539
"New Jersey",2013,0.573403148256292,0.127173152972372,0.18929349696646,0.0891498795584706
"New Mexico",2013,0.392952145196321,0.0172623720379976,0.473180430319663,0.0133473234139953
"New York",2013,0.56930017296209,0.143600415385845,0.183632266994153,0.0783214112859787
"North Carolina",2013,0.642202118996026,0.212929450064277,0.08803114522048,0.0246104308868955
"North Dakota",2013,0.873309528845316,0.0172589449994678,0.022652970100623,0.0105378404269878
"Ohio",2013,0.803558316757136,0.120399889100225,0.0328796398661182,0.0182799680022346
"Oklahoma",2013,0.673860064281426,0.0719693821794603,0.0961112750118943,0.0170754029015979
"Oregon",2013,0.773166092672767,0.0168539197188851,0.122812472567248,0.0425985320853472
"Pennsylvania",2013,0.782776951042215,0.106710993853748,0.0628766645104304,0.0297476060571164
"Rhode Island",2013,0.746665512771621,0.0518121065780577,0.135862582512213,0.0303934052996117
"South Carolina",2013,0.638600380033756,0.273781377759543,0.0529286956062812,0.0137326096230679
"South Dakota",2013,0.833458598115465,0.0164485481318582,0.032437857818357,0.0101103474233527
"Tennessee",2013,0.748487602636585,0.168461469543154,0.0476376305461626,0.0150320706135396
"Texas",2013,0.439467112176624,0.115836004372775,0.38395825378316,0.0413354137275087
"Utah",2013,0.79459107468375,0.00949438651550292,0.133825622088806,0.0307383435049875
"Vermont",2013,0.940170435504205,0.0104623142843464,0.014753522812505,0.0140625249349696
"Virginia",2013,0.635258077539782,0.189444343225302,0.0855847867023469,0.0587943327233955
"Washington",2013,0.708781987449877,0.0351939049310856,0.119449218708536,0.0816427848270492
"West Virginia",2013,0.926558428391461,0.0337113008438746,0.0138240547396759,0.00619046283673012
"Wisconsin",2013,0.824156457061323,0.0614047750601501,0.06307889668176,0.0246864156366512
"Wyoming",2013,0.847267179031267,0.0132753690844372,0.0890625375434646,0.00872724651510835
"Alabama",2014,0.660880768808034,0.266161405887808,0.0392316373835237,0.0119609178663569
"Alaska",2014,0.617820320007818,0.0309284787412519,0.066952433177872,0.0705412551647003
"Arizona",2014,0.561276087115412,0.0403726726528653,0.305485387768878,0.0321195148053535
"Arkansas",2014,0.733703730048419,0.156796069538213,0.069272231472214,0.0149698166344106
"California",2014,0.382751833000451,0.0552206172282714,0.386332813607371,0.140338921461246
"Colorado",2014,0.688292052116315,0.0383497271963115,0.212107995233637,0.0294695573040849
"Connecticut",2014,0.68564511075084,0.0974530100979321,0.150200865966001,0.0422161901110386
"Delaware",2014,0.635052489595068,0.213840323039202,0.0886797333088218,0.038940203973006
"District of Columbia",2014,0.356508568159018,0.476949975185652,0.103555509012844,0.0381002681770788
"Florida",2014,0.555890911395934,0.155218966468957,0.240776076484456,0.0263149441744121
"Georgia",2014,0.541963861186057,0.308536314949388,0.0914284084436866,0.0371837422973549
"Hawaii",2014,0.229528001966805,0.0205873505964168,0.100350742236508,0.447940595719381
"Idaho",2014,0.827894649255046,0.0053925935352507,0.121057423106291,0.0156399896235096
"Illinois",2014,0.621709736673349,0.141076100610376,0.167122132698993,0.0512363573690005
"Indiana",2014,0.80253454108056,0.0922330413507649,0.064573345935298,0.0196919592745331
"Iowa",2014,0.871894155563695,0.0339168736639583,0.0549984133247252,0.0223895007798203
"Kansas",2014,0.767369795190875,0.0563949089899832,0.11312073845196,0.0250862510980465
"Kentucky",2014,0.854091022071814,0.0775473738613518,0.0327795195466955,0.0128155774486984
"Louisiana",2014,0.592322561830115,0.321834037468417,0.0477846198315754,0.0171508724478867
"Maine",2014,0.936074202553363,0.0130464953848953,0.0125081855424712,0.0104654650929374
"Maryland",2014,0.524211118821058,0.292704964705382,0.0930025348005917,0.0611986432650922
"Massachusetts",2014,0.738119621526229,0.0650357991688568,0.108102578821029,0.0612161636479217
"Michigan",2014,0.756913632732273,0.138188092546456,0.0480872769662025,0.0280754241450222
"Minnesota",2014,0.813445899552754,0.0566219909099455,0.050509485405722,0.0467787992061091
"Mississippi",2014,0.572092119145821,0.377262256607124,0.0266131922370786,0.00793766630740204
"Missouri",2014,0.799321655870805,0.115609583697048,0.0381983343528066,0.018115014061804
"Montana",2014,0.868123515625076,0.00546611448652229,0.0332431595411785,0.00850447303041582
"Nebraska",2014,0.8049745336574,0.0457644765913209,0.101064946481616,0.0193191294406653
"Nevada",2014,0.51329101239513,0.0812592304812196,0.278080475531146,0.0822084752944508
"New Hampshire",2014,0.911791639062927,0.0117703097572906,0.031250824343747,0.0255506993072875
"New Jersey",2014,0.565983324336344,0.127913584148889,0.193523286353198,0.0917862986571644
"New Mexico",2014,0.387177714315305,0.0177073723659504,0.476563743663609,0.0154183120985514
"New York",2014,0.563858604481757,0.144157311672757,0.185777212021314,0.080644570732424
"North Carolina",2014,0.639787815000135,0.214343897463828,0.0895463821067735,0.0248526643901768
"North Dakota",2014,0.868747312307805,0.02098090284821,0.0241763829275087,0.0107413026956708
"Ohio",2014,0.800163582312928,0.121259033532649,0.034031607111268,0.019119189543911
"Oklahoma",2014,0.66982383676749,0.0727726375955345,0.0975286297163188,0.0208679566101632
"Oregon",2014,0.768674883300476,0.0168191385959384,0.124974592209688,0.0428576214177534
"Pennsylvania",2014,0.777298627088992,0.107067304522824,0.0651916301673023,0.0312323040938801
"Rhode Island",2014,0.740253967832763,0.0549445446386517,0.140456588635229,0.0330770404473958
"South Carolina",2014,0.637565954720576,0.273056578379392,0.0533388432693593,0.0142200219266207
"South Dakota",2014,0.831298385442611,0.0159955460485832,0.0343247282210566,0.0115134644123421
"Tennessee",2014,0.745493752664386,0.16747229344216,0.0491495952576682,0.0157543830290386
"Texas",2014,0.434600818089341,0.116813699824735,0.385980346892257,0.0431490081336329
"Utah",2014,0.792143944990353,0.0106310030031581,0.134846488262266,0.0301647829251535
"Vermont",2014,0.931278947654023,0.0100500828329838,0.0157558230470408,0.0206460015130187
"Virginia",2014,0.629796779813912,0.189371879837464,0.0879665598924082,0.0614515061872102
"Washington",2014,0.702433891805317,0.0336014999582244,0.121565723009036,0.0837397844376502
"West Virginia",2014,0.925767135088628,0.0376366110620507,0.0124432127095442,0.00629780914282132
"Wisconsin",2014,0.821611709396543,0.0606311974994981,0.0642090995427927,0.0265612331882025
"Wyoming",2014,0.840195976054219,0.0116424977702759,0.0979657726657228,0.0113155286371892
"Alabama",2015,0.659729338200474,0.26709211955845,0.0395029490763389,0.0118508435619911
"Alaska",2015,0.614579270670827,0.0344595033801352,0.070038947391229,0.0715610916103311
"Arizona",2015,0.556953690393984,0.0408713156655656,0.307336119383749,0.032254086626299
"Arkansas",2015,0.729773044425432,0.157368669171084,0.0697030827975518,0.0153854470680988
"California",2015,0.378455968297004,0.0558082553864473,0.387916096582695,0.142958156045073
"Colorado",2015,0.684991718246651,0.0397848540127926,0.213603994007962,0.0313707832057258
"Connecticut",2015,0.679145481087397,0.100088111958998,0.154380005380288,0.0430138968488557
"Delaware",2015,0.629007943471743,0.212729429325936,0.0900189653823628,0.039160237394998
"District of Columbia",2015,0.360630619373189,0.465712526107214,0.10629280541721,0.0382325639515165
"Florida",2015,0.551191360857868,0.155372489698722,0.244775216868483,0.0266453432226651
"Georgia",2015,0.536837900862077,0.30951241622499,0.0930478733922932,0.0378736468243324
"Hawaii",2015,0.227979404904851,0.0189256379038043,0.103699838572565,0.433720102570335
"Idaho",2015,0.826005933785719,0.00564193047440073,0.120797858519696,0.0123836053488667
"Illinois",2015,0.618050318059999,0.141190723635585,0.168828448222569,0.0518944214208481
"Indiana",2015,0.79897170255964,0.0913100029004423,0.0660920165325212,0.0212103908346023
"Iowa",2015,0.868222692218923,0.0326415802815648,0.0557213917607451,0.0220019917417304
"Kansas",2015,0.763484577940756,0.058071719693465,0.115563354136035,0.0290489109062553
"Kentucky",2015,0.851595627842314,0.0800589004703179,0.0328072275107501,0.0140851308854144
"Louisiana",2015,0.590211496119231,0.322001043093105,0.0486836730237111,0.0168871035839412
"Maine",2015,0.934780580864918,0.0110973363985412,0.0155544756448371,0.0109243166472082
"Maryland",2015,0.518683983969768,0.289128048560194,0.0953193101825869,0.0633142875409084
"Massachusetts",2015,0.72941819039206,0.0671377197353947,0.111423606010931,0.0635319678406787
"Michigan",2015,0.754416796606043,0.138597477106751,0.0491137583627477,0.0291200591459315
"Minnesota",2015,0.80936878027774,0.0572149780111243,0.0508738897630681,0.0477501614873523
"Mississippi",2015,0.569779499808344,0.377927189253335,0.0286147965483788,0.0104343333445843
"Missouri",2015,0.798793721949507,0.115738981325752,0.0391326159595718,0.0196355096066981
"Montana",2015,0.864969132067508,0.00490440476732152,0.0359969369252499,0.00691515263580293
"Nebraska",2015,0.801225088203186,0.049048354858954,0.103607760825656,0.0209599249020404
"Nevada",2015,0.504959276612893,0.0825872711957922,0.281216045827431,0.0844427840302749
"New Hampshire",2015,0.909415094453062,0.0127280160648365,0.0333088332551736,0.025231322823852
"New Jersey",2015,0.560387331431647,0.126343420131228,0.196805251343127,0.0940889458410029
"New Mexico",2015,0.382394877198266,0.0183496402346352,0.480746570083387,0.0146001959609785
"New York",2015,0.558820963506838,0.143577187696112,0.188024666455612,0.0844245122612176
"North Carolina",2015,0.636119780117143,0.214518816561354,0.0908719498801231,0.026558026335678
"North Dakota",2015,0.859748879682083,0.0168021264902342,0.0341855500126828,0.0127991037456667
"Ohio",2015,0.796990430814412,0.121052681883713,0.035136669007923,0.0203158879169389
"Oklahoma",2015,0.663638887766795,0.0718968803002962,0.101322616455034,0.0208202410530616
"Oregon",2015,0.765175874669922,0.017693821533357,0.126949098989644,0.0435924553552924
"Pennsylvania",2015,0.772487692445766,0.104845825851398,0.0677285527681579,0.0331532826041908
"Rhode Island",2015,0.733003375941259,0.0533059799412666,0.144471541174934,0.0337916004763807
"South Carolina",2015,0.637323315113561,0.2718766964874,0.0534256944135244,0.0150410138913341
"South Dakota",2015,0.826076422095614,0.0144000540497094,0.0347455761361214,0.0127377925120185
"Tennessee",2015,0.742358187106372,0.167618921506435,0.0506163432899025,0.0160127594219595
"Texas",2015,0.429581638490415,0.117399163292999,0.388408595923407,0.0454324810039377
"Utah",2015,0.789290698446787,0.0111151202686054,0.136595148266692,0.0299630931276847
"Vermont",2015,0.931737806728622,0.01373230550027,0.0170483769459557,0.0154973627967453
"Virginia",2015,0.625198541857306,0.188709330903652,0.0899103697211724,0.0629419587968164
"Washington",2015,0.697075917204053,0.0354614439376817,0.123637043709576,0.0840961620986197
"West Virginia",2015,0.923228756355307,0.0376400119731385,0.0145765369865866,0.00814693990872651
"Wisconsin",2015,0.81830241415464,0.0619993252863245,0.0659375808413198,0.0263826215658521
"Wyoming",2015,0.840331202323125,0.00819816176909677,0.0986185116369537,0.0102848114764028
"Alabama",2016,0.657184627721917,0.267721711595008,0.0409172783912158,0.0124767133427919
"Alaska",2016,0.612543031753862,0.0287696085963763,0.0690718620180241,0.0709993610947116
"Arizona",2016,0.553439720932018,0.0412234992254444,0.309570483407254,0.0327758870165953
"Arkansas",2016,0.727610626694973,0.156459570959305,0.0719291036085358,0.0160572348747494
"California",2016,0.375245238747285,0.0551022436499836,0.389315219914427,0.143426358261195
"Colorado",2016,0.685496462893091,0.039924592255816,0.21308246751899,0.0321580277752459
"Connecticut",2016,0.67428445845212,0.10021188596967,0.156766818064383,0.045027026785205
"Delaware",2016,0.626722965343753,0.210731410145316,0.0912826330135022,0.0404331637020582
"District of Columbia",2016,0.363722712391914,0.464412701675059,0.109043263796116,0.0384030418250951
"Florida",2016,0.546644383034924,0.153625682045681,0.248774490005768,0.0269723539266751
"Georgia",2016,0.531822278752142,0.310898026850828,0.093339027276516,0.0386929820469118
"Hawaii",2016,0.221261034736451,0.0159412610067362,0.104095251362039,0.452432769570973
"Idaho",2016,0.824366956997041,0.00542438537495396,0.122654087004052,0.0156659576743468
"Illinois",2016,0.616269809434631,0.140314848081938,0.170145870742572,0.0527433459367659
"Indiana",2016,0.79540160466078,0.0913755701936951,0.0675651166966403,0.0218923322337391
"Iowa",2016,0.864638100126552,0.0334935510431165,0.05712393526256,0.0252949810396106
"Kansas",2016,0.76269335453063,0.0581858219117535,0.116082714859101,0.0269285234457256
"Kentucky",2016,0.848687641622421,0.0822662021458769,0.0342330155642111,0.0142820309517252
"Louisiana",2016,0.588635754878712,0.322563378079513,0.0492613099695707,0.0166387350144158
"Maine",2016,0.933983938161999,0.0158447861363191,0.0150539362618562,0.012326142582797
"Maryland",2016,0.513877210253826,0.293902530845863,0.0974922574735554,0.0623259874141665
"Massachusetts",2016,0.723670760736566,0.0677815318373695,0.114642422765505,0.0645179711636353
"Michigan",2016,0.752764723064372,0.136612108820241,0.0495493689755547,0.0295383902581509
"Minnesota",2016,0.805195769818288,0.0577673501508709,0.0514142151960742,0.048565096218228
"Mississippi",2016,0.567973444203316,0.378857412824059,0.0291528898935533,0.00915875192306019
"Missouri",2016,0.796232069588052,0.114713277531594,0.0400187099950763,0.0204209748892171
"Montana",2016,0.864700917008786,0.00264263515328243,0.035199324713195,0.00877393239458236
"Nebraska",2016,0.797554527359636,0.045286180809138,0.105906510144113,0.0236776368086682
"Nevada",2016,0.497873511338892,0.0852098836145409,0.284667853491326,0.0875057566891538
"New Hampshire",2016,0.906256064146779,0.0119413586236194,0.0355633409730656,0.0257580604919948
"New Jersey",2016,0.55559743121699,0.127052036291925,0.199778656508285,0.0949699752998194
"New Mexico",2016,0.378920382601759,0.0181483554899893,0.485489052217307,0.0154722575281774
"New York",2016,0.554995725815915,0.143915037151393,0.189876076263052,0.0841931966657971
"North Carolina",2016,0.634691490548536,0.212170984551959,0.0917102042537993,0.0277066989080682
"North Dakota",2016,0.850972289838552,0.0259013421676542,0.0321523893961763,0.00909159275047397
"Ohio",2016,0.793550629035248,0.123010256343584,0.0358470491691631,0.0201324686231448
"Oklahoma",2016,0.661294675933419,0.0704836754162864,0.103181777981787,0.0206274351284458
"Oregon",2016,0.761489593779353,0.0179495854978606,0.127646871293635,0.045259456230846
"Pennsylvania",2016,0.768847502473165,0.106024322002418,0.0702687772987761,0.0330954699099132
"Rhode Island",2016,0.727348626406393,0.0567782315088799,0.149512601923845,0.035568984481639
"South Carolina",2016,0.637206444755709,0.268567635648329,0.0550700356109176,0.0157841406344012
"South Dakota",2016,0.824557977662591,0.0150510599061302,0.0372625234847837,0.0148777404691642
"Tennessee",2016,0.74167976456558,0.166368474592682,0.0520360705160607,0.0182329668928616
"Texas",2016,0.425003362931437,0.117494543580936,0.39068531159121,0.046452132457435
"Utah",2016,0.786736243276044,0.0100281297593714,0.137857779371313,0.0327285801042666
"Vermont",2016,0.931166485749143,0.00901225436043254,0.0195134759539797,0.0123616301149227
"Virginia",2016,0.622432299928862,0.187290294785616,0.0903607167448425,0.0633834010476701
"Washington",2016,0.693706092206367,0.0351088090010977,0.12423682766191,0.0861970362239298
"West Virginia",2016,0.919966227987299,0.0380940002250011,0.0142832021372922,0.0079078063373859
"Wisconsin",2016,0.816433220638035,0.0612842764707481,0.0671525422027654,0.027439865893922
"Wyoming",2016,0.842787629739317,0.00775233517961541,0.0971390313594682,0.00999998292060987
"Alabama",2017,0.654429245251087,0.269248024564147,0.0414046103315721,0.0136558881927616
"Alaska",2017,0.606269304334309,0.0266871227840145,0.0703789563324975,0.0687501267242952
"Arizona",2017,0.547069454282689,0.0411685981297755,0.31400487723534,0.0339612073081566
"Arkansas",2017,0.723200475055745,0.152035147201708,0.0744451497347617,0.0187835417416292
"California",2017,0.36963321098526,0.0547017472622177,0.39144426312465,0.14598011116419
"Colorado",2017,0.681640097632417,0.038658649289818,0.215165126550831,0.0323260249317212
"Connecticut",2017,0.667575575834461,0.0982176499309957,0.161372159287261,0.0440258916488118
"Delaware",2017,0.620553902066555,0.21729444382648,0.0935745405893721,0.039958874731142
"District of Columbia",2017,0.365197731320572,0.453061506804309,0.110648556425908,0.0413301977601402
"Florida",2017,0.53820009149654,0.153282771963935,0.255891995958903,0.0280395436610053
"Georgia",2017,0.526002842547001,0.312054629523004,0.096017605650346,0.0398930751294013
"Hawaii",2017,0.217546573191046,0.0143414746227421,0.105466894751663,0.450130924710936
"Idaho",2017,0.819049904394031,0.00593030752913754,0.124805541010971,0.0143435163543577
"Illinois",2017,0.612117163045247,0.139467723187187,0.172371194771326,0.0541149629242191
"Indiana",2017,0.792085819651894,0.0918154657889266,0.0691916293500138,0.0218177547369675
"Iowa",2017,0.858246037223381,0.0316573900145309,0.0592912063441302,0.0278410826677975
"Kansas",2017,0.758342507336628,0.0553708168175528,0.11895824515477,0.0303759916762869
"Kentucky",2017,0.845914261833074,0.0808600622919234,0.0349890855551931,0.0149259494826106
"Louisiana",2017,0.584548536579274,0.321182119204591,0.0519913934385109,0.0181658733484575
"Maine",2017,0.933979685711655,0.0120704510119342,0.0163753914007487,0.0113623178859007
"Maryland",2017,0.506848692627463,0.293364685137265,0.101351794569128,0.0645072012930223
"Massachusetts",2017,0.715282283687077,0.0699712339348895,0.118230233188368,0.0652977870115815
"Michigan",2017,0.750702121224684,0.137277284357013,0.0504805561681421,0.0311315316295586
"Minnesota",2017,0.79869745146062,0.0640857539514178,0.0530735002616287,0.0483805024059437
"Mississippi",2017,0.565448879059013,0.379642103146677,0.0287359672933213,0.00968499715156999
"Missouri",2017,0.793970817524142,0.113422486379396,0.0417773228307303,0.0217988553916132
"Montana",2017,0.862525499931937,0.0047120732836868,0.037794635471155,0.00741842163631742
"Nebraska",2017,0.790704117961997,0.0450601955339268,0.109319631097936,0.0257416893914616
"Nevada",2017,0.487924940269289,0.0892410005340157,0.288554284984285,0.089398436778174
"New Hampshire",2017,0.903421594509959,0.0137437211190092,0.037250660003947,0.0280288502712626
"New Jersey",2017,0.54849536579505,0.12734380794977,0.204381940925047,0.0976480971266464
"New Mexico",2017,0.374370591024247,0.0170128396078676,0.487490361913154,0.0134281896679709
"New York",2017,0.550969981509264,0.143306555528457,0.191962487126185,0.0867477650078977
"North Carolina",2017,0.630196529509796,0.211237271642479,0.0936225807591416,0.0284728969002432
"North Dakota",2017,0.843709168604951,0.0300770592261247,0.035650317119698,0.0172890137981157
"Ohio",2017,0.789531924434553,0.121852358201566,0.0372378900433148,0.0222216046528364
"Oklahoma",2017,0.655844109590156,0.0719620419327659,0.106431308740267,0.0223345300168106
"Oregon",2017,0.756754408155305,0.0178349010421997,0.130353656581963,0.0465825330647855
"Pennsylvania",2017,0.76393133688966,0.107082818939963,0.0731218066060018,0.03433241417365
"Rhode Island",2017,0.720784153848622,0.0543751220934677,0.153779730644116,0.0369446575673413
"South Carolina",2017,0.636140578050697,0.268284833379077,0.0568959007588814,0.0156361923258423
"South Dakota",2017,0.823297679798911,0.0209022774260463,0.0355481299717363,0.0132740615362679
"Tennessee",2017,0.738989848695292,0.166721213153575,0.0537985200679454,0.0180301203814661
"Texas",2017,0.418894337866543,0.117876722211474,0.394303243190611,0.0476602457070929
"Utah",2017,0.782391572982814,0.0113868154733024,0.140507886788231,0.0332316407749869
"Vermont",2017,0.927505022792978,0.0126976847850661,0.0196774829754176,0.0176747795663321
"Virginia",2017,0.617006335286103,0.187625649053957,0.0934238644064595,0.0642940630600636
"Washington",2017,0.685709185425419,0.0351070783849777,0.126817930354861,0.0897006552887401
"West Virginia",2017,0.920099985846903,0.0407603682448563,0.0126017632445727,0.00836134122896241
"Wisconsin",2017,0.812355070319419,0.0602586531614362,0.0679084038379545,0.0296953679270563
"Wyoming",2017,0.841010503784642,0.0094887927983912,0.0998006266021077,0.00743809499149858
"Alabama",2018,0.652810190776311,0.267145961912661,0.043274873661764,0.013587306211641
"Alaska",2018,0.602119771424852,0.0305205318955627,0.0720453787301441,0.0690742814989192
"Arizona",2018,0.543139190082723,0.043764848404397,0.316078205756391,0.0339539904786154
"Arkansas",2018,0.720978822592553,0.151878426915962,0.0764861927948703,0.0177190115550837
"California",2018,0.36649097524853,0.0550700387250868,0.392863091770379,0.148024732383321
"Colorado",2018,0.677537465999855,0.0393320134757506,0.216731652914444,0.0325328624171373
"Connecticut",2018,0.662614322921405,0.100321188804436,0.165217001873951,0.0462405515210634
"Delaware",2018,0.618608291605104,0.217416568528213,0.0951579400126761,0.0406991111189231
"District of Columbia",2018,0.369811589354478,0.444212084759878,0.112622160850161,0.0381134734609334
"Florida",2018,0.532536641419388,0.153051939439395,0.261154332355603,0.0276522847555028
"Georgia",2018,0.522404777804976,0.312047892123894,0.0969663410008579,0.041875093576438
"Hawaii",2018,0.216531466936433,0.0181021914253593,0.107127746673509,0.449592429659885
"Idaho",2018,0.816768022948248,0.00583169156679254,0.127002043087251,0.0174546005946843
"Illinois",2018,0.609377070075692,0.13779255761678,0.173410888244953,0.0560628298386008
"Indiana",2018,0.78692916995797,0.094376944708197,0.0706114187975334,0.0238469679214116
"Iowa",2018,0.854459475087488,0.0347766024691515,0.0606103331754403,0.0272870859862269
"Kansas",2018,0.756108685870906,0.0558874948051011,0.119692874144344,0.029102767979502
"Kentucky",2018,0.844781646772157,0.078418862045089,0.0363803435769655,0.0151452353660212
"Louisiana",2018,0.583808335575833,0.320507950895906,0.0513998134755143,0.0162438535117548
"Maine",2018,0.930684606441702,0.0137178310883709,0.0164232922196885,0.0135377658763722
"Maryland",2018,0.502419441052851,0.294679314838124,0.104054334489877,0.0632002022930741
"Massachusetts",2018,0.70755731834371,0.0705250806373681,0.122709479315064,0.0676800444843866
"Michigan",2018,0.74794053370802,0.13706629158011,0.0514782288564879,0.0326288288765961
"Minnesota",2018,0.793938314924546,0.0657906297410936,0.0540052277783332,0.0479450040713369
"Mississippi",2018,0.563903928639592,0.379010423468038,0.0290792324202335,0.00927330380073195
"Missouri",2018,0.792936923361188,0.114665388711117,0.0409409883567194,0.0216508674188584
"Montana",2018,0.857900508799262,0.00402520933253632,0.0394058203623253,0.00717967062190237
"Nebraska",2018,0.784804392132145,0.0448605377790955,0.111501875322661,0.0232139858226021
"Nevada",2018,0.484515514145832,0.0882015243910477,0.29032043322023,0.0851379782177121
"New Hampshire",2018,0.898328676432642,0.0126200780000147,0.0388746765358557,0.0289683797671795
"New Jersey",2018,0.545941974648988,0.128520562338076,0.206464485683368,0.0965796787794157
"New Mexico",2018,0.369158949866089,0.0189130812416366,0.491053379071006,0.0163045449426084
"New York",2018,0.55222339501128,0.142683409025049,0.191949845588081,0.0847113547910577
"North Carolina",2018,0.626502125462989,0.210678356873614,0.0957534077710856,0.0296777039221389
"North Dakota",2018,0.837783540351833,0.0322138414923751,0.035393782472039,0.0201111203207043
"Ohio",2018,0.785620134819096,0.122765312493103,0.0386352915733702,0.0233855474025193
"Oklahoma",2018,0.650888810495554,0.0719868914622304,0.108893582908179,0.0207647374044497
"Oregon",2018,0.750905394857629,0.0185791773380807,0.132692217290948,0.0487599604172369
"Pennsylvania",2018,0.759406842788275,0.105762915142117,0.0758770553116797,0.0352068312321485
"Rhode Island",2018,0.71430841329216,0.0576781753781985,0.159593876943011,0.034622605373044
"South Carolina",2018,0.635428658646804,0.265235899889991,0.0578884044399363,0.0161518388506031
"South Dakota",2018,0.812690496296338,0.0227433733642397,0.038849059490952,0.0125839487211457
"Tennessee",2018,0.736065530183855,0.166595174896344,0.0551130648256059,0.0180144490185391
"Texas",2018,0.414076969616413,0.118662964001095,0.39602785117124,0.0497343289255447
"Utah",2018,0.778236407838398,0.011781639648161,0.142278412137528,0.0310011847123079
"Vermont",2018,0.927285529754957,0.0110650024988065,0.0193102655440932,0.0195322042666522
"Virginia",2018,0.613223546069149,0.188446743452006,0.095514215423557,0.0649217481040917
"Washington",2018,0.678221655076556,0.0373491608023843,0.128702712235842,0.0936051332934603
"West Virginia",2018,0.919711246671894,0.0391653265641544,0.013587088942936,0.00775321292346132
"Wisconsin",2018,0.810231341578872,0.0634921617842949,0.0693520743199357,0.0282415205257769
"Wyoming",2018,0.839465016088635,0.00520825219779934,0.099617992269839,0.0111902128477144
"Alabama",2019,0.650695007428845,0.267949914188431,0.0446811613267703,0.0138373322646402
"Alaska",2019,0.600266559131701,0.0252287965880431,0.0714802233628827,0.0732654860603244
"Arizona",2019,0.539941036311757,0.0439695622181766,0.3175216181643,0.0341716816301554
"Arkansas",2019,0.719503652324671,0.155442500573265,0.0768409744304136,0.0189733992002131
"California",2019,0.363324812172679,0.0551819369920037,0.39423633542461,0.148744731472081
"Colorado",2019,0.675504833005021,0.0391358450882277,0.218268904843007,0.0329084368514202
"Connecticut",2019,0.656229919218285,0.101619869592546,0.168259385569801,0.0462936083406469
"Delaware",2019,0.613599393692928,0.220162174818539,0.0962502207927177,0.0389262696094742
"District of Columbia",2019,0.371545691173491,0.442389574763832,0.112897078139679,0.0399136236820739
"Florida",2019,0.529547084034039,0.152523378044903,0.263777464078269,0.0276889040963673
"Georgia",2019,0.518391892269904,0.315509516763154,0.0982348541637646,0.0409787761116798
"Hawaii",2019,0.21552866360801,0.0182269301179768,0.105881746372553,0.470424586403291
"Idaho",2019,0.815996620156514,0.00679773819083245,0.128428456715341,0.0133654903431045
"Illinois",2019,0.606919952546678,0.138921627759736,0.174993160020174,0.0559639376219093
"Indiana",2019,0.783390736397613,0.0939231180685001,0.0720896037398664,0.0251053924419274
"Iowa",2019,0.851509158275411,0.040635231547953,0.0624033698142989,0.023477767529722
"Kansas",2019,0.753849053002869,0.0569231466295772,0.121855728562043,0.0283972136199531
"Kentucky",2019,0.841880101789007,0.0818041069702281,0.0375334094505126,0.0165441830680088
"Louisiana",2019,0.582722959976286,0.322124404738089,0.0538840826244398,0.0169050295625059
"Maine",2019,0.928184691105272,0.0142834612397449,0.0178498629680437,0.0120553900723993
"Maryland",2019,0.498533663706978,0.297575128025301,0.10637579230128,0.0631378108004393
"Massachusetts",2019,0.703104663139066,0.0708146227865262,0.123851088639352,0.0686290597189439
"Michigan",2019,0.746732330301716,0.135673916228099,0.0526971598772266,0.0325849263687264
"Minnesota",2019,0.789955621217838,0.0648129168711717,0.0553947491609382,0.0497323229600797
"Mississippi",2019,0.563062198834803,0.378685005354235,0.0300888833186779,0.00986644149872873
"Missouri",2019,0.790860764476585,0.114923873648701,0.0430009117825904,0.0217525973420788
"Montana",2019,0.859001588730307,0.00592733009100112,0.0377739811261085,0.00781733905450898
"Nebraska",2019,0.783292356111017,0.0481961406280371,0.113578417789835,0.0244777730447765
"Nevada",2019,0.478515698555528,0.0937218764244408,0.292378697702324,0.0889308853187955
"New Hampshire",2019,0.896324292441556,0.0140478381067742,0.0399621684313799,0.0270800192099645
"New Jersey",2019,0.543062915789912,0.126638588005886,0.209066682878885,0.0957660216680796
"New Mexico",2019,0.367913644841806,0.0193806934184905,0.492641030813671,0.0165278141422119
"New York",2019,0.550593076506661,0.141886362090725,0.192676703252428,0.0855546190232215
"North Carolina",2019,0.624556401340798,0.211388943871922,0.0976717005699039,0.0294170031437582
"North Dakota",2019,0.837618199044172,0.0265870755922746,0.0401122218402177,0.0183685841834391
"Ohio",2019,0.783571618003097,0.12336792396335,0.039909146127589,0.0232790377360105
"Oklahoma",2019,0.648789945642766,0.0708825007815321,0.110710692597949,0.0217512334560956
"Oregon",2019,0.748985297091782,0.0179750420663972,0.134546796066232,0.0487327683067958
"Pennsylvania",2019,0.756211398088219,0.106580547757071,0.0777031600323981,0.0354369934234438
"Rhode Island",2019,0.707267871858602,0.0582058429562727,0.163739273014581,0.0337477026245067
"South Carolina",2019,0.635069844625279,0.263723329747972,0.0580125444916925,0.0183791525417803
"South Dakota",2019,0.815766300913685,0.0229161744807886,0.0375964072032275,0.0139522686142344
"Tennessee",2019,0.732734295538523,0.166274720778823,0.0570645878989172,0.0184079363038634
"Texas",2019,0.411432230667521,0.118813565278461,0.397553431813298,0.0498077640751802
"Utah",2019,0.776577859098591,0.0106074377767893,0.144253293399352,0.0303001474130354
"Vermont",2019,0.924533926078825,0.0114328938490903,0.0200452251562127,0.0163384290428197
"Virginia",2019,0.610784651759313,0.191001273619097,0.0970003112874566,0.0660065310615558
"Washington",2019,0.673371378954373,0.0392933951928149,0.130249630559484,0.0945737517257301
"West Virginia",2019,0.920463555723945,0.0364691066078843,0.0146902011944333,0.00800827164289536
"Wisconsin",2019,0.808389927648815,0.0630612558253129,0.070725232780655,0.0302243013832359
"Wyoming",2019,0.837612892412904,0.00974326101192379,0.102011372609324,0.00774070036059914
"Alabama",2020,0.640879743342171,0.253218633897953,0.0450532567433521,0.0134640539074074
"Alaska",2020,0.568809211324459,0.0296732141478532,0.0741416770521997,0.063257546514321
"Arizona",2020,0.527129377908927,0.0435226089799289,0.320884270929222,0.0343953786229858
"Arkansas",2020,0.692128196691139,0.14332881585298,0.0774339608151062,0.0174155819306965
"California",2020,0.349647877130032,0.0535269080802754,0.395544911042007,0.151935843802036
"Colorado",2020,0.656542025468309,0.037811545541667,0.220107140641051,0.0347083278751818
"Connecticut",2020,0.642632262498547,0.0979010043533019,0.173450978608572,0.0448230632354584
"Delaware",2020,0.601668657267247,0.208950199837372,0.0979385624281407,0.0391391277722239
"District of Columbia",2020,0.367930493298859,0.423871193559678,0.108869556381045,0.0444959747987399
"Florida",2020,0.520923188427625,0.146510487630074,0.264050869386494,0.0272606473350484
"Georgia",2020,0.504557651289375,0.304195651116861,0.0974853740267904,0.0434606068882312
"Hawaii",2020,0.20617784361317,0.0156913734017125,0.109792036221459,0.450708906098879
"Idaho",2020,0.792842122829536,0.00550705964518368,0.131523581907759,0.013898227760587
"Illinois",2020,0.596050475576317,0.133599295431876,0.175926969134855,0.0551746877165497
"Indiana",2020,0.770353168339564,0.0897785150264668,0.0726883061920255,0.0229015193221115
"Iowa",2020,0.835694915029473,0.0393576952452941,0.0615403656970589,0.0262513036139351
"Kansas",2020,0.742847691200165,0.0522457234925097,0.122967673374242,0.0297648349388091
"Kentucky",2020,0.832318634665371,0.0693397649824314,0.0378014249188133,0.0146338183799204
"Louisiana",2020,0.57382863285358,0.314059295838197,0.0544342472028759,0.0146188500582761
"Maine",2020,0.911416956678267,0.0145265810632425,0.0157551302052082,0.0108754350174007
"Maryland",2020,0.487698305461944,0.286961217174286,0.109735314533393,0.0656313916089104
"Massachusetts",2020,0.6919250715436,0.0642732581797324,0.126220361104595,0.0702915230318384
"Michigan",2020,0.732118213524418,0.132948737732732,0.0529703298829602,0.0321477573107878
"Minnesota",2020,0.772374572388231,0.0658906608791441,0.0558367620620444,0.046993347128072
"Mississippi",2020,0.562481265521642,0.355785885087966,0.029519434350997,0.0101512050423382
"Missouri",2020,0.769260386860181,0.108787787887229,0.041881500613904,0.0209769482444163
"Montana",2020,0.836339810187058,0.00273109459544027,0.0429073267870503,0.00643077506484482
"Nebraska",2020,0.76807335664991,0.0455584121066113,0.114585214652275,0.0270836637910952
"Nevada",2020,0.46164990749596,0.089555493246224,0.294440390118303,0.0835795993622506
"New Hampshire",2020,0.881488597821913,0.0162144681149285,0.0406686688674328,0.0239205563334321
"New Jersey",2020,0.531385282972094,0.123207369330106,0.210862304512704,0.0966121531824358
"New Mexico",2020,0.365279638698123,0.0165793149732384,0.490064626152655,0.0137261062184551
"New York",2020,0.537801263005385,0.13463347671011,0.194182980628392,0.0869675788429666
"North Carolina",2020,0.616841253641107,0.202488543758264,0.0987677828686049,0.0290210999458947
"North Dakota",2020,0.819260304993971,0.0332795839297593,0.0409273936962315,0.0175418110443872
"Ohio",2020,0.770893805022986,0.114742169704347,0.0411080529545836,0.0227274806355938
"Oklahoma",2020,0.632193722232905,0.0697189763978133,0.115592027550452,0.023362443779047
"Oregon",2020,0.730971237366279,0.016840239779515,0.134344149099812,0.0476900479790414
"Pennsylvania",2020,0.741647770950978,0.101989004075416,0.0817473866760649,0.0342664259216375
"Rhode Island",2020,0.692110154154929,0.0570277396185497,0.165874875734552,0.0364057828300387
"South Carolina",2020,0.632449842228709,0.248511642248038,0.0565194364719363,0.015002653809751
"South Dakota",2020,0.786528954587522,0.0204666303257744,0.0399889871616399,0.0120201371297403
"Tennessee",2020,0.724220886932703,0.151200190234614,0.0554883279399273,0.0192689253698206
"Texas",2020,0.400827862008736,0.112198954507992,0.399016822311088,0.0501270524642482
"Utah",2020,0.763724958100148,0.01259262072548,0.144061676092091,0.0329171118015466
"Vermont",2020,0.901776017990832,0.016208086263731,0.0174254146124251,0.0200122373534
"Virginia",2020,0.596273806067131,0.183858732562143,0.098341416622914,0.067675236109462
"Washington",2020,0.650241451878578,0.0379952017520737,0.133455184112335,0.0983175732355097
"West Virginia",2020,0.901547112024046,0.0260208805950311,0.0155090971438018,0.00867828089728253
"Wisconsin",2020,0.794540975570151,0.0611642040866804,0.0729716387932827,0.0284872732728968
"Wyoming",2020,0.818732622173628,0.00606232600410539,0.105571873035881,0.00751784138016286
"Alabama",2021,0.640894807551851,0.257738234484691,0.0472243667851418,0.013605887604003
"Alaska",2021,0.578455873220386,0.0297540649102669,0.0715189450136691,0.0811617188022487
"Arizona",2021,0.520256679341579,0.0429394490288767,0.323149242006532,0.0336976843776439
"Arkansas",2021,0.68108500934105,0.147231013939365,0.0820822693216643,0.0179910644501074
"California",2021,0.342451326826484,0.0528625482812049,0.40154067110123,0.152155180015534
"Colorado",2021,0.651838957865091,0.0371951881507257,0.222645842642267,0.0323165468269561
"Connecticut",2021,0.62665184156743,0.0992775953607683,0.176314768400351,0.0472196421286128
"Delaware",2021,0.593188649609721,0.206682586128541,0.101276281064876,0.0407650510671886
"District of Columbia",2021,0.364445936870383,0.424917543466905,0.114307887471084,0.0400388030743974
"Florida",2021,0.511344637431082,0.14603105036617,0.267690038826272,0.028046619073172
"Georgia",2021,0.502248238494028,0.304430381739414,0.100204489698938,0.0432176626357022
"Hawaii",2021,0.206359391572838,0.0173403267170891,0.111569952682975,0.451093369442539
"Idaho",2021,0.787714704909142,0.00757211102185622,0.132267850933468,0.0146155315075887
"Illinois",2021,0.589036993264159,0.134252153400683,0.179755717352108,0.0566593344465429
"Indiana",2021,0.765081762595715,0.0883025748660921,0.07614401148401,0.0234284971242223
"Iowa",2021,0.830598303393057,0.0355327882586056,0.0662498485004599,0.0238512733321036
"Kansas",2021,0.732764325549601,0.0500483544164041,0.127266166016148,0.0306432057444638
"Kentucky",2021,0.826942822028858,0.0700087417511089,0.0390757605123881,0.0152277667464852
"Louisiana",2021,0.569643431392458,0.310046589059324,0.0555065724894232,0.0177563074077751
"Maine",2021,0.897572375818639,0.0150206194657376,0.0185812029466998,0.0123330566581672
"Maryland",2021,0.478455195341411,0.290436420713987,0.110999623852153,0.0664433785570424
"Massachusetts",2021,0.675376961978306,0.0618207765719557,0.128423847302176,0.0701794473452992
"Michigan",2021,0.728785070179909,0.13274789467238,0.0556398881642486,0.0318063885590924
"Minnesota",2021,0.767286272709592,0.0680246137025856,0.0583124685714486,0.050480342152893
"Mississippi",2021,0.554109625029449,0.360546650553481,0.0321356355075399,0.00861637341459983
"Missouri",2021,0.766815111150165,0.107281604789219,0.0457150537102718,0.0209549418654136
"Montana",2021,0.835424456496639,0.00418285004315064,0.0429314905489685,0.00780605485428849
"Nebraska",2021,0.764610234191513,0.0441433789005608,0.119042599348574,0.0217732719795161
"Nevada",2021,0.451273556444659,0.0874417261372568,0.298886987908044,0.0888005086528556
"New Hampshire",2021,0.874545713726213,0.0120627044648205,0.042920333594434,0.0268475268396074
"New Jersey",2021,0.52103477559935,0.124316374109352,0.214886054258438,0.0989689364452641
"New Mexico",2021,0.349119537666887,0.0178153077896305,0.500754060845692,0.0145722081198482
"New York",2021,0.534307848597642,0.134057101379705,0.194940258106597,0.0866884725699291
"North Carolina",2021,0.60904770488786,0.199079968632839,0.101454418006282,0.0311977012579278
"North Dakota",2021,0.823428152598626,0.0286677299638169,0.0414737504968075,0.0175611782984149
"Ohio",2021,0.76555483748453,0.117351273771506,0.0428993438634257,0.0241683861746549
"Oklahoma",2021,0.629773350433786,0.0676324091546789,0.117208505711202,0.024100250862945
"Oregon",2021,0.719855963807256,0.0188462267628007,0.140516773410297,0.0475719798264548
"Pennsylvania",2021,0.736520036630511,0.100153609333375,0.0833963537337389,0.0365882405938388
"Rhode Island",2021,0.689416854537655,0.0451784850448609,0.171092815874262,0.0321044897363113
"South Carolina",2021,0.625974313701125,0.248297678253725,0.063493687273694,0.016424165888834
"South Dakota",2021,0.799078822751559,0.0195470952985115,0.0416897482175086,0.0163484390915102
"Tennessee",2021,0.720456048828868,0.153141163473314,0.0603272901291401,0.0174190971522324
"Texas",2021,0.393673741084758,0.116250672540967,0.401550585596199,0.0517647336128178
"Utah",2021,0.758958949662595,0.0107226686838577,0.147926512331578,0.0320958065893244
"Vermont",2021,0.904059978003935,0.0108896014374894,0.0205353408615642,0.0188608516504794
"Virginia",2021,0.592352776595604,0.180198521824233,0.101831184709024,0.0678540161999029
"Washington",2021,0.643406792775833,0.0385668534165722,0.136686664878251,0.0993979344312967
"West Virginia",2021,0.902605163663326,0.0283444543592982,0.0175135827576517,0.00814152204285124
"Wisconsin",2021,0.790057612839278,0.0609705918070635,0.0748710800779117,0.0299580658314207
"Wyoming",2021,0.813366551313659,0.0095766607982336,0.106127646193955,0.0075206935693146
